Realization;FOPR_SIM;FWCT_SIM;WBT_SIM;FPR_SIM
0;5.878326194855984;2711.465992368454;14.685123031089548;0.028319032668984195
