Realization;FOPR_SIM;FWCT_SIM;WBT_SIM;FPR_SIM
0;5.948833833033396;5.571640936376551;16.18256659197421;0.02321849387391831
