Realization;FOPR_SIM;FWCT_SIM;WBT_SIM;FPR_SIM
0;12.91637532112915;22.96383211893051;44.95225275039075;0.12828114909197946
