Realization;FOPR_SIM;FWCT_SIM;WBT_SIM;FPR_SIM
0;12.899003091241385;3436.3572627044846;42.66874489564146;0.11257996461095524
